-- Вставка данных в таблицу users
INSERT INTO public.users (user_id, first_name, last_name, mobile_phone, email)
VALUES
    ('11111111-1111-1111-1111-111111111111', 'John', 'Doe', '1234567890', 'john.doe@example.com'),
    ('22222222-2222-2222-2222-222222222222', 'Alice', 'Smith', '9876543210', 'alice.smith@example.com'),
    ('33333333-3333-3333-3333-333333333333', 'Bob', 'Johnson', '5556667777', 'bob.johnson@example.com');

-- Вставка данных в таблицу publications
INSERT INTO public.publications (publication_id, author_id, message, date_publication, like_count, dislike_count, repost_count)
VALUES
    ('11111111-1111-1111-1111-111111111111', '11111111-1111-1111-1111-111111111111', 'First publication', '2024-07-15 10:00:00', 10, 2, 3),
    ('22222222-2222-2222-2222-222222222222', '22222222-2222-2222-2222-222222222222', 'Second publication', '2024-07-15 11:00:00', 15, 5, 2),
    ('33333333-3333-3333-3333-333333333333', '33333333-3333-3333-3333-333333333333', 'Third publication', '2024-07-15 12:00:00', 8, 1, 1);

-- Вставка данных в таблицу comments
INSERT INTO public.comments (comment_id, publication_id, author_id, text, date)
VALUES
    ('11111111-1111-1111-1111-111111111111', '11111111-1111-1111-1111-111111111111', '22222222-2222-2222-2222-222222222222', 'Nice publication!', '2024-07-15 10:30:00'),
    ('22222222-2222-2222-2222-222222222222', '22222222-2222-2222-2222-222222222222', '33333333-3333-3333-3333-333333333333', 'Great job!', '2024-07-15 11:30:00');

-- Вставка данных в таблицу user_followers
INSERT INTO public.user_followers (user_id, follower_id)
VALUES
    ('11111111-1111-1111-1111-111111111111', '22222222-2222-2222-2222-222222222222'),
    ('22222222-2222-2222-2222-222222222222', '11111111-1111-1111-1111-111111111111'),
    ('33333333-3333-3333-3333-333333333333', '11111111-1111-1111-1111-111111111111');
